First Name,Last Name,Team,Pos,G,AB,R,H,2B,3B,HR,RBI,SB,CS,BB,SO,SH,SF,HBP,AVG,SLG,OBP,OPS
Ian,Kinsler,DET,2B,161,684,100,188,40,4,17,92,15,4,29,79,3,5,5,0.275,0.42,0.307,0.727
Jose,Altuve,HOU,2B,158,660,85,225,47,3,7,59,56,9,36,53,1,5,5,0.341,0.453,0.377,0.83
Hunter,Pence,SF,OF,162,650,106,180,29,10,20,74,13,6,52,130,0,3,3,0.277,0.445,0.332,0.777
Adam,Jones,BAL,OF,159,644,88,181,30,2,29,96,7,1,19,133,0,7,12,0.281,0.469,0.311,0.78
Nick,Markakis,BAL,OF,155,642,81,177,27,1,14,50,4,2,62,84,0,2,4,0.276,0.386,0.342,0.728
Albert,Pujols,LAA,1B,159,633,89,172,37,1,28,105,5,1,48,71,0,9,5,0.272,0.466,0.324,0.79
Evan,Longoria,TB,3B,162,624,83,158,26,1,22,91,5,0,57,133,1,9,9,0.253,0.404,0.32,0.724
Alexei,Ramirez,CWS,SS,158,622,82,170,35,2,15,74,21,4,24,81,1,4,6,0.273,0.408,0.305,0.713
Elvis,Andrus,TEX,SS,157,619,72,163,35,1,2,41,27,15,46,96,9,7,3,0.263,0.333,0.314,0.647
Howie,Kendrick,LAA,2B,157,617,85,181,33,5,7,75,14,5,48,110,3,2,4,0.293,0.397,0.347,0.744
Casey,McGehee,MIA,3B,160,616,56,177,29,1,4,76,4,2,67,102,0,7,1,0.287,0.357,0.355,0.712
Nelson,Cruz,BAL,OF,159,613,87,166,32,2,40,108,4,5,55,140,0,5,5,0.271,0.525,0.333,0.858
Anthony,Rendon,WAS,2B,153,613,111,176,39,6,21,83,17,3,58,104,2,5,5,0.287,0.473,0.351,0.824
Michael,Brantley,CLE,OF,156,611,94,200,45,2,20,97,23,1,52,56,0,5,8,0.327,0.506,0.385,0.891
Miguel,Cabrera,DET,1B,159,611,101,191,52,1,25,109,1,1,60,117,0,11,3,0.313,0.524,0.371,0.895
Jose,Reyes,TOR,SS,143,610,94,175,33,4,9,51,30,2,38,73,2,4,1,0.287,0.398,0.328,0.726
Denard,Span,WAS,OF,147,610,94,184,39,8,5,37,31,7,50,65,3,3,2,0.302,0.416,0.355,0.771
Dee,Gordon,LAD,2B,148,609,92,176,24,12,2,34,64,19,31,107,3,3,4,0.289,0.378,0.326,0.704
Josh,Donaldson,OAK,3B,158,608,93,155,31,2,29,98,8,0,76,130,0,4,7,0.255,0.456,0.342,0.798
Freddie,Freeman,ATL,1B,162,607,93,175,43,4,18,78,3,4,90,145,0,3,8,0.288,0.461,0.386,0.847
Mike,Trout,LAA,OF,157,602,115,173,39,9,36,111,16,2,83,184,0,10,10,0.287,0.561,0.377,0.938
Ben,Revere,PHI,OF,151,601,71,184,13,7,2,28,49,8,13,49,7,1,4,0.306,0.361,0.325,0.686
James,Loney,TB,1B,155,600,59,174,27,0,9,69,4,0,41,80,0,6,4,0.29,0.38,0.336,0.716
Brian,Dozier,MIN,2B,156,598,112,145,33,1,23,71,21,7,89,129,3,8,9,0.242,0.416,0.345,0.761
Todd,Frazier,CIN,3B,157,597,88,163,22,1,29,80,20,8,52,139,0,4,7,0.273,0.459,0.336,0.795
Daniel,Murphy,NYM,2B,143,596,79,172,37,2,9,57,13,5,39,86,0,5,2,0.289,0.403,0.332,0.735
Matt,Carpenter,STL,3B,158,595,99,162,33,2,8,59,5,3,95,111,2,9,8,0.272,0.375,0.375,0.75
Robinson,Cano,SEA,2B,157,595,77,187,37,2,14,82,10,3,61,68,0,3,6,0.314,0.454,0.382,0.836
Ian,Desmond,WAS,SS,154,593,73,151,26,3,24,91,24,5,46,183,0,3,6,0.255,0.43,0.313,0.743
Charlie,Blackmon,COL,OF,154,593,82,171,27,3,19,72,28,10,31,96,6,5,13,0.288,0.44,0.335,0.775
Adrian,Gonzalez,LAD,1B,159,591,83,163,41,0,27,116,1,1,56,112,0,11,2,0.276,0.482,0.335,0.817
Marlon,Byrd,PHI,OF,154,591,71,156,28,2,25,85,3,2,35,185,0,3,8,0.264,0.445,0.312,0.757
Kyle,Seager,SEA,3B,159,590,71,158,27,4,25,96,7,5,52,118,1,3,8,0.268,0.454,0.334,0.788
Chase,Utley,PHI,2B,155,589,74,159,36,6,11,78,10,1,53,85,0,9,13,0.27,0.407,0.339,0.746
Erick,Aybar,LAA,SS,156,589,77,164,30,4,7,68,16,9,36,62,3,8,5,0.278,0.379,0.321,0.7
Pablo,Sandoval,SF,3B,157,588,68,164,26,3,16,73,0,0,39,85,0,7,4,0.279,0.415,0.324,0.739
Jonathan,Lucroy,MIL,C,153,585,73,176,53,2,13,69,4,4,66,71,0,2,2,0.301,0.465,0.373,0.838
Christian,Yelich,MIA,OF,144,582,94,165,30,6,9,54,21,7,70,137,3,2,3,0.284,0.402,0.362,0.764
Chris,Johnson,ATL,3B,153,582,43,153,27,0,10,58,6,0,23,159,2,2,2,0.263,0.361,0.292,0.653
Alcides,Escobar,KC,SS,162,579,74,165,34,5,3,50,31,6,23,83,8,4,6,0.285,0.377,0.317,0.694
Salvador,Perez,KC,C,150,578,57,150,28,2,17,70,1,0,22,85,0,3,3,0.26,0.403,0.289,0.692
Jacoby,Ellsbury,NYY,OF,149,575,71,156,27,5,16,70,39,5,49,93,0,7,3,0.271,0.419,0.328,0.747
Carlos,Gomez,MIL,OF,148,574,95,163,34,4,23,73,34,12,47,141,1,3,19,0.284,0.477,0.356,0.833
Matt,Holliday,STL,OF,156,574,83,156,37,0,20,90,4,1,74,100,0,2,17,0.272,0.441,0.37,0.811
Jason,Heyward,ATL,OF,149,573,74,155,26,3,11,58,20,4,67,98,0,3,6,0.271,0.384,0.351,0.735
Ben,Zobrist,TB,2B,146,570,83,155,34,3,10,52,10,5,75,84,2,6,1,0.272,0.395,0.354,0.749
Ryan,Howard,PHI,1B,153,569,65,127,18,1,23,95,0,0,67,190,0,5,7,0.223,0.38,0.31,0.69
Melky,Cabrera,TOR,OF,139,568,81,171,35,3,16,73,6,2,43,67,2,5,3,0.301,0.458,0.351,0.809
Justin,Upton,ATL,OF,154,566,77,153,34,2,29,102,8,4,60,171,0,8,6,0.27,0.491,0.342,0.833
Marcell,Ozuna,MIA,OF,153,565,72,152,26,5,23,85,3,1,41,164,0,5,1,0.269,0.455,0.317,0.772
Matt,Dominguez,HOU,3B,157,564,51,121,17,0,16,57,0,1,29,125,2,7,5,0.215,0.33,0.256,0.586
Curtis,Granderson,NYM,OF,155,564,73,128,27,2,20,66,8,2,79,141,0,5,6,0.227,0.388,0.326,0.714
Alex,Gordon,KC,OF,156,563,87,150,34,1,19,74,12,3,65,126,0,4,11,0.266,0.432,0.351,0.783
Billy,Hamilton,CIN,OF,152,563,72,141,25,8,6,48,56,23,34,117,9,4,1,0.25,0.355,0.292,0.647
Victor,Martinez,DET,1B,151,561,87,188,33,0,32,103,3,2,70,42,0,6,4,0.335,0.565,0.409,0.974
Jhonny,Peralta,STL,SS,157,560,61,147,38,0,21,75,3,2,58,112,0,4,6,0.263,0.443,0.336,0.779
Yasiel,Puig,LAD,OF,148,558,92,165,37,9,16,69,11,7,67,124,2,1,12,0.296,0.48,0.382,0.862
Jose,Abreu,CWS,1B,145,556,80,176,35,2,36,107,3,1,51,131,0,4,11,0.317,0.581,0.383,0.964
Brett,Gardner,NYY,OF,148,555,87,142,25,8,17,58,21,5,56,134,13,6,6,0.256,0.422,0.327,0.749
Jose,Bautista,TOR,OF,155,553,101,158,27,0,35,103,6,2,104,96,1,6,9,0.286,0.524,0.403,0.927
Dustin,Pedroia,BOS,2B,135,551,72,153,33,0,7,53,6,6,51,75,0,6,1,0.278,0.376,0.337,0.713
Billy,Butler,KC,1B,151,549,57,149,32,0,9,66,0,0,41,96,0,8,5,0.271,0.379,0.323,0.702
Torii,Hunter,DET,OF,142,549,71,157,33,2,17,83,4,3,23,89,0,7,7,0.286,0.446,0.319,0.765
Adrian,Beltre,TEX,3B,148,549,79,178,33,1,19,77,1,1,57,74,0,5,3,0.324,0.492,0.388,0.88
Andrew,McCutchen,PIT,OF,146,548,89,172,38,6,25,83,18,3,84,115,0,6,10,0.314,0.542,0.41,0.952
Buster,Posey,SF,C,147,547,72,170,28,2,22,89,0,1,47,69,0,8,3,0.311,0.49,0.364,0.854
Carlos,Santana,CLE,1B,152,541,68,125,25,0,27,85,5,2,113,124,0,3,3,0.231,0.427,0.365,0.792
Matt,Kemp,LAD,OF,150,541,77,155,38,3,25,89,8,5,52,145,0,6,0,0.287,0.506,0.346,0.852
Andrelton,Simmons,ATL,SS,146,540,44,132,18,4,7,46,4,5,32,60,2,2,0,0.244,0.331,0.286,0.617
Giancarlo,Stanton,MIA,OF,145,539,89,155,31,1,37,105,13,1,94,170,0,2,3,0.288,0.555,0.395,0.95
Xander,Bogaerts,BOS,SS,144,538,60,129,28,1,12,46,2,3,39,138,2,7,8,0.24,0.362,0.297,0.659
Jimmy,Rollins,PHI,SS,138,538,78,131,22,4,17,55,28,6,64,100,3,3,1,0.243,0.394,0.323,0.717
Adeiny,Hechavarria,MIA,SS,146,536,53,148,20,10,1,34,7,5,26,86,4,6,1,0.276,0.356,0.308,0.664
David,Wright,NYM,3B,134,535,54,144,30,1,8,63,8,5,42,113,0,5,4,0.269,0.374,0.324,0.698
Jayson,Werth,WAS,OF,147,534,85,156,37,1,16,82,9,1,83,113,0,3,9,0.292,0.455,0.394,0.849
Nick,Castellanos,DET,3B,148,533,50,138,31,4,11,66,2,2,36,140,0,7,3,0.259,0.394,0.306,0.7
Leonys,Martin,TEX,OF,155,533,68,146,13,7,7,40,31,12,39,114,7,2,2,0.274,0.364,0.325,0.689
Ryan,Braun,MIL,OF,135,530,68,141,30,6,19,81,11,5,41,113,0,3,6,0.266,0.453,0.324,0.777
J.J.,Hardy,BAL,SS,141,529,56,142,28,0,9,52,0,0,29,104,3,4,4,0.268,0.372,0.309,0.681
Omar,Infante,KC,2B,135,528,50,133,21,3,6,66,9,3,33,68,5,7,2,0.252,0.337,0.295,0.632
Starlin,Castro,CHC,SS,134,528,58,154,33,1,14,65,4,4,35,100,0,2,4,0.292,0.438,0.339,0.777
Matt,Adams,STL,1B,142,527,55,152,34,5,15,68,3,2,26,114,0,7,3,0.288,0.457,0.321,0.778
Anthony,Rizzo,CHC,1B,140,524,89,150,28,1,32,78,5,4,73,116,0,4,15,0.286,0.527,0.386,0.913
Josh,Harrison,PIT,3B,143,520,77,164,38,7,13,52,18,7,22,81,2,2,4,0.315,0.49,0.347,0.837
Trevor,Plouffe,MIN,3B,136,520,69,134,40,2,14,80,2,1,53,109,0,5,4,0.258,0.423,0.328,0.751
Melvin,Upton Jr.,ATL,OF,141,519,67,108,19,5,12,35,20,7,57,173,3,2,1,0.208,0.333,0.287,0.62
David,Ortiz,BOS,DH,142,518,59,136,27,0,35,104,0,0,75,95,0,6,3,0.263,0.517,0.355,0.872
Lucas,Duda,NYM,1B,153,514,74,130,27,0,30,92,3,2,69,135,0,4,9,0.253,0.481,0.349,0.83
Jean,Segura,MIL,SS,146,513,61,126,14,6,5,31,20,9,28,70,10,2,4,0.246,0.326,0.289,0.615
Neil,Walker,PIT,2B,137,512,74,139,25,3,23,76,2,2,45,88,1,2,11,0.271,0.467,0.342,0.809
Chris,Carter,HOU,DH,145,507,68,115,21,1,37,88,5,2,56,182,0,4,5,0.227,0.491,0.308,0.799
Zack,Cozart,CIN,SS,147,506,48,112,18,5,4,38,7,0,25,79,5,0,7,0.221,0.3,0.268,0.568
Jordy,Mercer,PIT,SS,149,506,56,129,27,2,12,55,4,1,35,89,5,5,4,0.255,0.387,0.305,0.692
Eric,Hosmer,KC,1B,131,503,54,136,35,1,9,58,4,2,35,93,0,6,3,0.27,0.398,0.318,0.716
Dustin,Ackley,SEA,OF,143,502,64,123,27,4,14,65,8,4,32,90,3,2,3,0.245,0.398,0.293,0.691
Jed,Lowrie,OAK,SS,136,502,59,125,29,3,6,50,0,0,51,79,2,6,5,0.249,0.355,0.321,0.676
Justin,Morneau,COL,1B,135,502,62,160,32,3,17,82,0,3,34,60,0,8,6,0.319,0.496,0.364,0.86
Aaron,Hill,ARI,2B,133,501,52,122,26,3,10,60,4,3,28,92,0,7,5,0.244,0.367,0.287,0.654
Khris,Davis,MIL,OF,144,501,70,122,37,2,22,69,4,1,32,122,0,6,10,0.244,0.457,0.299,0.756
Jason,Kipnis,CLE,2B,129,500,61,120,25,1,6,41,22,3,50,100,1,2,2,0.24,0.33,0.31,0.64
Brandon,Moss,OAK,1B,147,500,70,117,23,2,25,81,1,0,67,153,0,3,10,0.234,0.438,0.334,0.772
Garrett,Jones,MIA,1B,146,496,59,122,33,2,15,53,0,1,46,116,0,4,1,0.246,0.411,0.309,0.72
Brian,McCann,NYY,C,140,495,57,115,15,1,23,75,0,0,32,77,0,4,7,0.232,0.406,0.286,0.692
Starling,Marte,PIT,OF,135,495,73,144,29,6,13,56,30,11,33,131,0,0,17,0.291,0.453,0.356,0.809
DJ,LeMahieu,COL,2B,149,494,59,132,15,5,5,42,10,10,33,97,7,2,2,0.267,0.348,0.315,0.663
Adam,LaRoche,WAS,1B,140,494,73,128,19,0,26,92,3,0,82,108,0,8,2,0.259,0.455,0.362,0.817
Aramis,Ramirez,MIL,3B,133,494,47,141,23,1,15,66,3,0,21,75,0,3,13,0.285,0.427,0.33,0.757
Jay,Bruce,CIN,OF,137,493,71,107,21,1,18,66,12,3,44,149,1,5,2,0.217,0.373,0.281,0.654
Kole,Calhoun,LAA,OF,127,493,90,134,31,3,17,58,5,3,38,104,2,2,2,0.272,0.45,0.325,0.775
Alex,Rios,TEX,OF,131,492,54,138,30,8,4,54,17,9,23,93,0,5,1,0.28,0.398,0.311,0.709
Norichika,Aoki,KC,OF,132,491,63,140,22,6,1,43,17,8,43,49,8,1,6,0.285,0.36,0.349,0.709
Brandon,Crawford,SF,SS,153,491,54,121,20,10,10,69,5,3,59,129,2,10,2,0.246,0.389,0.324,0.713
Miguel,Montero,ARI,C,136,489,40,119,23,0,13,72,0,4,56,97,0,6,9,0.243,0.37,0.329,0.699
Adam,Eaton,CWS,OF,123,486,76,146,26,10,1,35,15,9,43,83,2,2,5,0.3,0.401,0.362,0.763
Yan,Gomes,CLE,C,135,485,61,135,25,3,21,74,0,0,24,120,0,6,3,0.278,0.472,0.313,0.785
Dioner,Navarro,TOR,C,139,481,40,132,22,0,12,69,3,0,32,76,0,6,1,0.274,0.395,0.317,0.712
Desmond,Jennings,TB,OF,123,479,64,117,30,2,10,36,15,6,47,108,9,1,6,0.244,0.378,0.319,0.697
Lonnie,Chisenhall,CLE,3B,142,478,62,134,29,1,13,59,3,1,39,99,4,3,8,0.28,0.427,0.343,0.77
Luis,Valbuena,CHC,3B,149,478,68,119,33,4,16,51,1,2,65,113,1,1,2,0.249,0.435,0.341,0.776
Edwin,Encarnacion,TOR,1B,128,477,75,128,27,2,34,98,2,0,62,82,0,1,2,0.268,0.547,0.354,0.901
Yunel,Escobar,TB,SS,137,476,33,123,18,0,7,39,1,1,43,60,4,2,4,0.258,0.34,0.324,0.664
Domonic,Brown,PHI,OF,144,473,47,111,22,1,10,63,7,1,34,91,0,4,1,0.235,0.349,0.285,0.634
Lorenzo,Cain,KC,OF,133,471,55,142,29,4,5,53,28,5,24,108,0,3,4,0.301,0.412,0.339,0.751
Jason,Castro,HOU,C,126,465,43,103,21,2,14,56,1,0,34,151,1,3,9,0.222,0.366,0.286,0.652
Conor,Gillaspie,CWS,3B,130,464,50,131,31,5,7,57,0,4,36,78,0,3,3,0.282,0.416,0.336,0.752
Coco,Crisp,OAK,OF,126,463,68,114,21,3,9,47,19,5,66,66,1,6,0,0.246,0.363,0.336,0.699
Brandon,Phillips,CIN,2B,121,462,44,123,25,0,8,51,2,3,23,74,2,6,6,0.266,0.372,0.306,0.678
David,Freese,LAA,3B,134,462,53,120,25,1,10,55,1,3,38,124,0,5,6,0.26,0.383,0.321,0.704
Rajai,Davis,DET,OF,134,461,64,130,27,2,8,51,36,11,22,75,3,3,5,0.282,0.401,0.32,0.721
Mike,Moustakas,KC,3B,140,457,45,97,21,1,15,54,1,0,35,74,1,4,3,0.212,0.361,0.271,0.632
Jonathan,Schoop,BAL,2B,137,455,48,95,18,0,16,45,2,0,13,122,5,0,8,0.209,0.354,0.244,0.598
Joe,Mauer,MIN,1B,120,455,60,126,27,2,4,55,3,0,60,96,0,2,1,0.277,0.371,0.361,0.732
Shin-Soo,Choo,TEX,OF,123,455,58,110,19,1,13,40,3,4,58,131,0,4,12,0.242,0.374,0.34,0.714
Kurt,Suzuki,MIN,C,131,452,37,130,34,0,3,61,0,1,34,46,1,7,9,0.288,0.383,0.345,0.728
Chris,Davis,BAL,1B,127,450,65,88,16,0,26,72,2,1,60,173,1,5,9,0.196,0.404,0.3,0.704
Hanley,Ramirez,LAD,SS,128,449,64,127,35,0,13,71,14,5,56,84,0,1,6,0.283,0.448,0.369,0.817
Brock,Holt,BOS,3B,106,449,68,126,23,5,4,29,12,2,33,98,5,3,2,0.281,0.381,0.331,0.712
Michael,Bourn,CLE,OF,106,444,57,114,17,10,3,28,10,6,35,114,3,2,3,0.257,0.36,0.314,0.674
Seth,Smith,SD,OF,136,443,55,118,31,5,12,48,1,1,69,87,0,4,4,0.266,0.44,0.367,0.807
J.D.,Martinez,DET,OF,123,441,57,139,30,3,23,76,6,3,30,126,0,6,3,0.315,0.553,0.358,0.911
Scooter,Gennett,MIL,2B,137,440,55,127,31,3,9,54,6,3,22,67,8,4,0,0.289,0.434,0.32,0.754
Mark,Teixeira,NYY,1B,123,440,56,95,14,0,22,62,1,1,58,109,0,4,6,0.216,0.398,0.313,0.711
Mike,Morse,SF,OF,131,438,48,122,32,3,16,61,0,0,31,121,0,4,9,0.279,0.475,0.336,0.811
Mike,Zunino,SEA,C,131,438,51,87,20,2,22,60,0,3,17,158,0,4,17,0.199,0.404,0.254,0.658
Corey,Dickerson,COL,OF,131,436,74,136,27,6,24,76,8,7,37,101,0,4,1,0.312,0.567,0.364,0.931
Dexter,Fowler,HOU,OF,116,434,61,120,21,4,8,35,11,4,66,108,1,1,3,0.276,0.399,0.375,0.774
Eduardo,Escobar,MIN,SS,133,433,52,119,35,2,6,37,1,1,24,93,4,2,2,0.275,0.406,0.315,0.721
Nolan,Arenado,COL,3B,111,432,58,124,34,2,18,61,2,1,25,58,1,5,4,0.287,0.5,0.328,0.828
Alexi,Amarista,SD,2B,148,423,39,101,13,2,5,40,12,1,29,69,8,5,1,0.239,0.314,0.286,0.6
Matt,Joyce,TB,OF,140,418,51,106,23,2,9,52,2,5,62,111,0,9,4,0.254,0.383,0.349,0.732
Ender,Inciarte,ARI,OF,118,418,54,116,18,2,4,27,19,3,25,53,4,0,0,0.278,0.359,0.318,0.677
David,Murphy,CLE,OF,129,416,40,109,25,1,8,58,2,3,36,61,1,7,2,0.262,0.385,0.319,0.704
Juan,Lagares,NYM,OF,116,416,46,117,24,3,4,47,13,4,20,87,3,6,7,0.281,0.382,0.321,0.703
Mike,Napoli,BOS,1B,119,415,49,103,20,0,17,55,3,2,78,133,0,3,4,0.248,0.419,0.37,0.789
Jon,Jay,STL,OF,140,413,52,125,16,3,3,46,6,3,28,78,3,4,20,0.303,0.378,0.372,0.75
Tyler,Flowers,CWS,C,127,407,42,98,16,1,15,50,0,1,25,159,1,1,8,0.241,0.396,0.297,0.693
Gerardo,Parra,ARI,OF,104,406,51,105,18,3,6,30,5,5,24,72,4,2,4,0.259,0.362,0.305,0.667
Paul,Goldschmidt,ARI,1B,109,406,75,122,39,1,19,69,9,3,64,110,0,3,2,0.3,0.542,0.396,0.938
Will,Venable,SD,OF,146,406,47,91,13,2,8,33,11,6,33,107,3,2,4,0.224,0.325,0.288,0.613
Danny,Santana,MIN,SS,101,405,70,129,27,7,7,40,20,4,19,98,2,1,3,0.319,0.472,0.353,0.825
Alberto,Callaspo,OAK,2B,127,404,37,90,15,0,4,39,0,1,40,50,0,6,1,0.223,0.29,0.29,0.58
Yadier,Molina,STL,C,110,404,40,114,21,0,7,38,1,1,28,55,1,6,6,0.282,0.386,0.333,0.719
Carlos,Beltran,NYY,OF,109,403,46,94,23,0,15,49,3,1,37,80,0,5,4,0.233,0.402,0.301,0.703
Martin,Prado,ARI,3B,106,403,44,109,17,4,5,42,2,1,23,57,0,4,6,0.27,0.37,0.317,0.687
Kolten,Wong,STL,2B,113,402,52,100,14,3,12,42,20,4,21,71,5,1,4,0.249,0.388,0.292,0.68
Jedd,Gyorko,SD,2B,111,400,37,84,17,1,10,51,3,2,36,100,0,3,4,0.21,0.333,0.28,0.613
Yoenis,Cespedes,OAK,OF,101,399,62,102,26,3,17,67,3,2,28,80,0,4,1,0.256,0.464,0.303,0.767
Pedro,Alvarez,PIT,3B,122,398,46,92,13,1,18,56,8,3,45,113,0,0,2,0.231,0.405,0.312,0.717
Cody,Asche,PHI,3B,121,397,43,100,25,0,10,46,0,1,33,102,3,1,0,0.252,0.39,0.309,0.699
Alejandro,De Aza,CWS,OF,122,395,45,96,19,5,5,31,15,7,33,100,2,3,6,0.243,0.354,0.309,0.663
Gregor,Blanco,SF,OF,146,393,51,102,18,6,5,38,16,5,41,77,6,1,3,0.26,0.374,0.333,0.707
Gordon,Beckham,CWS,2B,101,390,43,86,24,0,7,36,3,0,19,70,3,5,5,0.221,0.336,0.263,0.599
Alex,Avila,DET,C,124,390,44,85,22,0,11,47,0,3,61,151,1,2,3,0.218,0.359,0.327,0.686
Drew,Stubbs,COL,OF,132,388,67,112,22,4,15,43,20,3,30,136,2,3,1,0.289,0.482,0.339,0.821
Juan,Uribe,LAD,3B,103,386,36,120,23,0,9,54,0,1,15,77,0,2,1,0.311,0.44,0.337,0.777
Rougned,Odor,TEX,2B,114,386,39,100,14,7,9,48,4,7,17,71,6,3,5,0.259,0.402,0.297,0.699
Travis,d'Arnaud,NYM,C,108,385,48,93,22,3,13,41,1,0,32,64,1,1,2,0.242,0.416,0.302,0.718
Derek,Norris,OAK,C,127,385,46,104,19,1,10,55,2,2,54,86,1,1,1,0.27,0.403,0.361,0.764
Chris,Coghlan,CHC,OF,125,385,50,109,28,5,9,41,7,4,39,81,3,2,3,0.283,0.452,0.352,0.804
Devin,Mesoraco,CIN,C,114,384,54,105,25,0,25,80,1,3,41,103,0,3,12,0.273,0.534,0.359,0.893
Jackie,Bradley,BOS,OF,127,384,45,76,19,2,1,30,8,0,31,121,1,2,5,0.198,0.266,0.265,0.531
Angel,Pagan,SF,OF,96,383,56,115,21,2,3,27,16,6,25,53,1,3,1,0.3,0.389,0.342,0.731
Wilin,Rosario,COL,C,106,382,46,102,25,0,13,54,1,0,23,70,0,5,0,0.267,0.435,0.305,0.74
Carlos,Ruiz,PHI,C,110,381,43,96,25,1,6,31,4,2,46,60,1,5,12,0.252,0.37,0.347,0.717
Welington,Castillo,CHC,C,110,380,28,90,19,0,13,46,0,0,26,102,2,2,7,0.237,0.389,0.296,0.685
Russell,Martin,PIT,C,111,379,45,110,20,0,11,67,4,4,59,78,2,5,15,0.29,0.43,0.402,0.832
Asdrubal,Cabrera,CLE,SS,97,378,54,93,22,2,9,40,7,2,27,79,0,4,7,0.246,0.386,0.305,0.691
Mark,Reynolds,MIL,1B,130,378,47,74,9,0,22,45,5,1,47,122,1,4,3,0.196,0.394,0.287,0.681
Yasmani,Grandal,SD,C,128,377,47,85,19,1,15,49,3,0,58,115,0,6,2,0.225,0.401,0.327,0.728
Austin,Jackson,DET,OF,100,374,52,102,25,5,4,33,9,4,35,85,1,8,2,0.273,0.398,0.332,0.73
Jarrod,Saltalamacchia,MIA,C,114,373,43,82,20,0,11,44,0,1,55,143,0,5,2,0.22,0.362,0.32,0.682
Oswaldo,Arcia,MIN,OF,103,372,46,86,16,3,20,57,1,2,31,127,0,1,6,0.231,0.452,0.3,0.752
Evan,Gattis,ATL,C,108,369,41,97,17,1,22,52,0,0,22,97,0,2,8,0.263,0.493,0.317,0.81
Brad,Miller,SEA,SS,123,367,47,81,15,4,10,36,4,2,34,95,3,3,2,0.221,0.365,0.288,0.653
Allen,Craig,STL,OF,97,367,34,87,17,1,7,44,1,1,26,77,0,2,3,0.237,0.346,0.291,0.637
Josh,Reddick,OAK,OF,109,363,53,96,16,7,12,54,1,1,28,63,0,3,1,0.264,0.446,0.316,0.762
Daniel,Nava,BOS,OF,113,363,41,98,21,0,4,37,4,2,33,81,0,2,10,0.27,0.361,0.346,0.707
Robbie,Grossman,HOU,OF,103,360,42,84,14,2,6,37,9,3,55,105,3,2,2,0.233,0.333,0.337,0.67
Nick,Swisher,CLE,1B,97,360,33,75,20,0,8,42,0,0,36,111,1,4,0,0.208,0.331,0.278,0.609
Ichiro,Suzuki,NYY,OF,143,359,42,102,13,2,1,22,15,3,21,68,2,2,1,0.284,0.34,0.324,0.664
Everth,Cabrera,SD,SS,90,357,36,83,13,1,3,20,18,8,20,86,9,4,1,0.232,0.3,0.272,0.572
Ruben,Tejada,NYM,SS,119,355,30,84,11,0,5,34,1,2,50,73,4,2,8,0.237,0.31,0.342,0.652
Bryce,Harper,WAS,OF,100,352,41,96,10,2,13,32,2,2,38,104,3,1,1,0.273,0.423,0.344,0.767
Brayan,Pena,CIN,C,115,348,23,88,18,1,5,26,2,3,20,42,1,3,0,0.253,0.353,0.291,0.644
Colby,Rasmus,TOR,OF,104,346,45,78,21,1,18,40,4,0,29,124,0,0,1,0.225,0.448,0.287,0.735
Mike,Aviles,CLE,2B,113,344,38,85,16,1,5,39,14,5,13,49,11,5,1,0.247,0.343,0.273,0.616
Carl,Crawford,LAD,OF,105,343,56,103,14,3,8,46,23,6,16,55,0,4,6,0.3,0.429,0.339,0.768
Andre,Ethier,LAD,OF,130,341,29,85,17,6,4,42,2,2,31,74,1,1,6,0.249,0.37,0.322,0.692
Wilson,Ramos,WAS,C,88,341,32,91,12,0,11,47,0,0,17,57,0,3,0,0.267,0.399,0.299,0.698
Josh,Hamilton,LAA,OF,89,338,43,89,21,0,10,44,3,3,32,108,0,6,5,0.263,0.414,0.331,0.745
Steve,Pearce,BAL,OF,102,338,51,99,26,0,21,49,5,0,40,76,0,1,4,0.293,0.556,0.373,0.929
Logan,Morrison,SEA,1B,99,336,41,88,20,0,11,38,5,2,24,59,0,2,3,0.262,0.42,0.315,0.735
Ike,Davis,PIT,1B,131,336,39,79,18,0,10,46,0,4,57,74,0,4,0,0.235,0.378,0.343,0.721
Danny,Espinosa,WAS,2B,114,333,31,73,14,3,8,27,8,1,18,122,0,1,12,0.219,0.351,0.283,0.634
Kevin,Kiermaier,TB,OF,108,331,35,87,16,8,10,35,5,4,23,71,5,2,3,0.263,0.45,0.315,0.765
David,Peralta,ARI,OF,88,329,40,94,12,9,8,36,6,3,16,60,1,1,1,0.286,0.45,0.32,0.77
Mark,Trumbo,ARI,OF,88,328,37,77,15,1,14,61,2,3,28,89,0,5,1,0.235,0.415,0.293,0.708
Manny,Machado,BAL,3B,82,327,38,91,14,0,12,32,2,0,20,68,2,2,3,0.278,0.431,0.324,0.755
Wil,Myers,TB,OF,87,325,37,72,14,0,6,35,6,1,34,90,0,2,0,0.222,0.32,0.294,0.614
Travis,Snider,PIT,OF,140,322,37,85,15,1,13,38,1,1,34,67,1,0,2,0.264,0.438,0.338,0.776
Tommy,La Stella,ATL,2B,93,319,22,80,16,1,1,31,2,1,36,40,3,1,1,0.251,0.317,0.328,0.645
Brian,Roberts,NYY,2B,91,317,40,75,16,4,5,21,7,4,28,53,1,1,1,0.237,0.36,0.3,0.66
Troy,Tulowitzki,COL,SS,91,315,71,107,18,1,21,52,1,1,50,57,0,5,5,0.34,0.603,0.432,1.035
James,Jones,SEA,OF,108,312,46,78,9,5,0,9,27,1,12,67,4,0,0,0.25,0.311,0.278,0.589
Donovan,Solano,MIA,2B,111,310,26,78,11,1,3,28,1,2,19,61,7,1,3,0.252,0.323,0.3,0.623
Chris,Owings,ARI,SS,91,310,34,81,15,6,6,26,8,1,16,67,2,2,2,0.261,0.406,0.3,0.706
Jonathan,Singleton,HOU,1B,95,310,42,52,13,0,13,44,2,3,50,134,0,1,1,0.168,0.335,0.285,0.62
Josh,Rutledge,COL,SS,105,309,44,83,16,7,4,33,2,3,20,83,5,2,6,0.269,0.405,0.323,0.728
Junior,Lake,CHC,OF,108,308,30,65,10,3,9,25,7,3,14,110,1,2,1,0.211,0.351,0.246,0.597
John,Jaso,OAK,C,99,307,42,81,18,3,9,40,2,0,28,60,0,2,7,0.264,0.43,0.337,0.767
Chris,Iannetta,LAA,C,108,306,41,77,22,0,7,43,3,0,54,91,0,5,8,0.252,0.392,0.373,0.765
Robinson,Chirinos,TEX,C,93,306,36,73,15,0,13,40,0,1,17,71,4,4,7,0.239,0.415,0.29,0.705
Logan,Forsythe,TB,2B,110,301,32,67,12,1,6,26,2,0,25,71,2,4,4,0.223,0.329,0.287,0.616
George,Springer,HOU,OF,78,295,45,68,8,1,20,51,5,2,39,114,0,2,9,0.231,0.468,0.336,0.804
Rene,Rivera,SD,C,103,294,27,74,18,1,11,44,0,0,27,76,3,2,3,0.252,0.432,0.319,0.751
Brandon,Barnes,COL,OF,132,292,37,75,17,4,8,27,5,4,15,100,6,0,0,0.257,0.425,0.293,0.718
Eric,Sogard,OAK,2B,117,291,38,65,10,0,1,22,11,4,31,37,4,2,1,0.223,0.268,0.298,0.566
Adam,Lind,TOR,1B,96,290,38,93,24,2,6,40,0,0,28,48,0,0,0,0.321,0.479,0.381,0.86
Justin,Turner,LAD,3B,109,288,46,98,21,1,7,43,6,1,28,58,0,2,4,0.34,0.493,0.404,0.897
Marwin,Gonzalez,HOU,SS,103,285,33,79,15,1,6,23,2,4,17,58,4,0,4,0.277,0.4,0.327,0.727
A.J.,Ellis,LAD,C,93,283,21,54,9,0,3,25,0,0,53,57,3,4,4,0.191,0.254,0.323,0.577
Ryan,Flaherty,BAL,2B,102,281,33,62,15,1,7,32,1,0,22,68,3,1,5,0.221,0.356,0.288,0.644
Eric,Young Jr.,NYM,OF,100,280,48,64,10,5,1,17,30,6,24,60,5,2,5,0.229,0.311,0.299,0.61
Chase,Headley,SD,3B,77,279,27,64,12,1,7,32,4,1,22,73,0,1,5,0.229,0.355,0.296,0.651
Arismendy,Alcantara,CHC,2B,70,278,31,57,11,2,10,29,8,5,17,93,1,2,2,0.205,0.367,0.254,0.621
Gregory,Polanco,PIT,OF,89,277,50,65,9,0,7,33,14,5,30,59,2,2,0,0.235,0.343,0.307,0.65
Emilio,Bonifacio,CHC,2B,69,276,35,77,14,3,2,18,14,6,16,49,6,0,0,0.279,0.373,0.318,0.691
Chris,Heisey,CIN,OF,119,275,34,61,15,2,8,22,9,2,15,64,5,2,2,0.222,0.378,0.265,0.643
Didi,Gregorius,ARI,SS,80,270,35,61,9,5,6,27,3,0,22,52,2,2,3,0.226,0.363,0.29,0.653
Joe,Panik,SF,2B,73,269,31,82,10,2,1,18,0,0,16,33,1,1,0,0.305,0.368,0.343,0.711
Stephen,Vogt,OAK,C,84,269,26,75,10,2,9,35,1,0,16,39,0,1,1,0.279,0.431,0.321,0.752
Yonder,Alonso,SD,1B,84,267,27,64,19,1,7,27,6,1,17,36,0,3,1,0.24,0.397,0.285,0.682
A.J.,Pollock,ARI,OF,75,265,41,80,19,6,7,24,14,3,19,46,1,0,2,0.302,0.498,0.353,0.851
Peter,Bourjos,STL,OF,119,264,32,61,9,5,4,24,9,3,20,78,5,1,4,0.231,0.348,0.294,0.642
Jonathan,Villar,HOU,SS,87,263,31,55,13,2,7,27,17,4,19,80,4,1,2,0.209,0.354,0.267,0.621
Jarrod,Dyson,KC,OF,120,260,33,70,4,4,1,24,36,7,22,52,6,2,0,0.269,0.327,0.324,0.651
Collin,Cowgill,LAA,OF,106,260,37,65,10,1,5,21,4,0,26,74,2,0,5,0.25,0.354,0.33,0.684
Carlos,Gonzalez,COL,OF,70,260,35,62,15,1,11,38,3,0,19,70,0,1,1,0.238,0.431,0.292,0.723
Wilmer,Flores,NYM,SS,78,259,28,65,13,1,6,29,1,0,12,31,1,1,1,0.251,0.378,0.286,0.664
Brett,Lawrie,TOR,3B,70,259,27,64,9,0,12,38,0,0,16,49,0,2,5,0.247,0.421,0.301,0.722
Brandon,Guyer,TB,OF,97,259,37,69,15,1,3,26,6,1,16,52,7,1,11,0.266,0.367,0.334,0.701
A.J.,Pierzynski,BOS,C,72,256,19,65,10,1,4,31,0,0,9,40,1,4,4,0.254,0.348,0.286,0.634
Chris,Young,NYM,OF,88,254,31,52,12,0,8,28,7,3,25,54,1,3,4,0.205,0.346,0.283,0.629
Alex,Presley,HOU,OF,89,254,22,62,6,1,6,19,5,1,13,44,1,2,1,0.244,0.346,0.281,0.627
Michael,Choice,TEX,OF,86,253,20,46,6,1,9,36,1,0,21,69,0,3,3,0.182,0.32,0.25,0.57
Yangervis,Solarte,NYY,3B,75,252,26,64,14,0,6,31,0,0,30,34,1,3,3,0.254,0.381,0.337,0.718
Rickie,Weeks,MIL,2B,121,252,36,69,19,1,8,29,3,4,25,73,0,1,8,0.274,0.452,0.357,0.809
Cameron,Maybin,SD,OF,95,251,24,59,13,4,1,15,4,3,19,56,0,1,1,0.235,0.331,0.29,0.621
Andrew,Romine,DET,SS,94,251,30,57,6,0,2,12,12,2,18,60,4,0,0,0.227,0.275,0.279,0.554
Chris,Parmelee,MIN,1B,87,250,27,64,11,0,7,28,0,3,17,64,0,1,2,0.256,0.384,0.307,0.691
Chris,Denorfia,SD,OF,89,248,25,60,10,3,1,16,8,1,18,51,2,0,0,0.242,0.319,0.293,0.612
Justin,Smoak,SEA,1B,80,248,28,50,13,0,7,30,0,1,24,66,0,2,2,0.202,0.339,0.275,0.614
Skip,Schumaker,CIN,OF,83,247,22,58,12,0,2,22,2,1,18,50,3,2,1,0.235,0.308,0.287,0.595
Caleb,Joseph,BAL,C,82,246,22,51,9,0,9,28,0,1,17,69,6,3,3,0.207,0.354,0.264,0.618
Eugenio,Suarez,DET,SS,85,244,33,59,9,1,4,23,3,2,22,67,5,1,5,0.242,0.336,0.316,0.652
C.J.,Cron,LAA,1B,79,242,28,62,12,1,11,37,0,0,10,61,0,0,1,0.256,0.45,0.289,0.739
Delmon,Young,BAL,OF,83,242,27,73,11,1,7,30,2,0,10,51,0,0,3,0.302,0.442,0.337,0.779
Tommy,Medica,SD,1B,102,240,31,56,11,2,9,27,6,1,14,75,0,1,4,0.233,0.408,0.286,0.694
Munenori,Kawasaki,TOR,SS,82,240,31,62,7,1,0,17,1,0,22,49,8,1,3,0.258,0.296,0.327,0.623
Anthony,Gose,TOR,OF,94,239,31,54,8,1,2,13,15,5,25,74,4,1,5,0.226,0.293,0.311,0.604
David,DeJesus,TB,DH,83,238,24,59,15,2,6,19,0,3,30,43,0,0,5,0.248,0.403,0.344,0.747
Sean,Rodriguez,TB,2B,96,237,30,50,13,3,12,41,2,1,10,66,3,3,6,0.211,0.443,0.258,0.701
Jose,Ramirez,CLE,SS,68,237,27,62,10,2,2,17,10,1,13,35,13,2,1,0.262,0.346,0.3,0.646
Corey,Hart,SEA,1B,68,232,17,47,9,0,6,21,2,0,16,59,0,1,6,0.203,0.319,0.271,0.59
Craig,Gentry,OAK,OF,94,232,38,59,6,1,0,12,20,2,17,44,2,0,5,0.254,0.289,0.319,0.608
Michael,Saunders,SEA,OF,78,231,38,63,11,3,8,34,4,5,26,59,2,4,0,0.273,0.45,0.341,0.791
Hank,Conger,LAA,C,80,231,24,51,12,0,4,25,0,2,22,57,4,1,2,0.221,0.325,0.293,0.618
Marcus,Semien,CWS,SS,64,231,30,54,10,2,6,28,3,0,21,70,2,0,1,0.234,0.372,0.3,0.672
Alfonso,Soriano,NYY,OF,67,226,22,50,15,0,6,23,1,0,6,71,0,4,2,0.221,0.367,0.244,0.611
Jose,Molina,TB,C,80,225,4,40,2,0,0,10,3,0,14,55,4,2,2,0.178,0.187,0.23,0.417
Ryan,Hanigan,TB,C,84,225,18,49,9,0,5,34,1,0,31,39,2,2,3,0.218,0.324,0.318,0.642
Mike,Olt,CHC,3B,89,225,23,36,8,0,12,33,0,1,25,100,0,5,3,0.16,0.356,0.248,0.604
Justin,Ruggiano,CHC,OF,81,224,29,63,13,1,6,28,2,4,18,70,1,4,3,0.281,0.429,0.337,0.766
Austin,Jackson,SEA,OF,54,223,19,51,5,1,0,14,11,2,12,59,0,1,0,0.229,0.26,0.267,0.527
Kevin,Frandsen,WAS,OF,105,220,17,57,8,0,1,17,0,0,6,26,2,1,7,0.259,0.309,0.299,0.608
Joey,Votto,CIN,1B,62,220,32,56,16,0,6,23,1,1,47,49,0,2,3,0.255,0.409,0.39,0.799
Yangervis,Solarte,SD,3B,56,217,30,58,5,1,4,17,0,1,23,24,2,3,1,0.267,0.355,0.336,0.691
Will,Middlebrooks,BOS,3B,63,215,14,41,10,0,2,19,1,1,15,70,0,0,4,0.191,0.265,0.256,0.521
Kennys,Vargas,MIN,DH,53,215,26,59,10,1,9,38,0,0,12,63,0,4,3,0.274,0.456,0.316,0.772
Brandon,Belt,SF,1B,61,214,30,52,8,0,12,27,3,1,18,64,0,1,2,0.243,0.449,0.306,0.755
Jose,Lobaton,WAS,C,66,214,18,50,9,0,2,12,0,0,15,61,0,0,1,0.234,0.304,0.287,0.591
Ryan,Zimmerman,WAS,3B,61,214,26,60,19,1,5,38,0,0,22,37,0,4,0,0.28,0.449,0.342,0.791
Kendrys,Morales,SEA,1B,59,213,16,44,9,0,7,24,0,0,21,41,0,2,3,0.207,0.347,0.285,0.632
Javier,Baez,CHC,SS,52,213,25,36,6,0,9,20,5,1,15,95,0,0,1,0.169,0.324,0.227,0.551
Scott,Van Slyke,LAD,OF,98,212,32,63,13,1,11,29,4,2,28,71,0,2,4,0.297,0.524,0.386,0.91
Charlie,Culberson,COL,SS,95,210,17,41,7,2,3,24,2,2,12,62,4,2,5,0.195,0.29,0.253,0.543
Jonny,Gomes,BOS,OF,78,209,22,49,7,0,6,32,0,0,26,70,0,5,6,0.234,0.354,0.329,0.683
Jeff,Baker,MIA,2B,90,208,27,55,10,4,3,28,1,0,13,51,0,3,1,0.264,0.394,0.307,0.701
Chris,Colabello,MIN,1B,59,205,17,47,13,0,6,39,0,2,14,66,0,0,1,0.229,0.38,0.282,0.662
Eduardo,Nunez,MIN,SS,72,204,26,51,7,4,4,24,9,3,5,31,3,0,1,0.25,0.382,0.271,0.653
Darwin,Barney,CHC,2B,72,204,18,47,10,2,2,16,1,0,9,31,2,1,1,0.23,0.328,0.265,0.593
Brandon,Hicks,SF,SS,71,204,27,33,6,1,8,22,0,1,32,77,3,1,2,0.162,0.319,0.28,0.599
J.P.,Arencibia,TEX,C,63,203,20,36,9,0,10,35,0,0,10,62,0,2,7,0.177,0.369,0.239,0.608
Yoenis,Cespedes,BOS,OF,51,201,27,54,10,3,5,33,4,0,7,48,0,3,2,0.269,0.423,0.296,0.719
Kelly,Johnson,NYY,3B,77,201,21,44,9,2,6,22,2,1,23,50,0,1,2,0.219,0.373,0.304,0.677
Ryan,Raburn,CLE,OF,74,195,18,39,7,0,4,22,0,0,13,51,0,3,1,0.2,0.297,0.25,0.547
Joaquin,Arias,SF,3B,107,193,18,49,9,0,0,15,1,0,8,23,1,2,0,0.254,0.301,0.281,0.582
Chase,Headley,NYY,3B,58,191,28,50,8,0,6,17,3,2,29,49,0,0,4,0.262,0.398,0.371,0.769
Michael,Cuddyer,COL,OF,49,190,32,63,15,1,10,31,3,0,14,30,0,1,0,0.332,0.579,0.376,0.955
Eric,Campbell,NYM,OF,85,190,16,50,9,0,3,16,3,0,17,55,0,3,1,0.263,0.358,0.322,0.68
Mookie,Betts,BOS,OF,52,189,34,55,12,1,5,18,7,3,21,31,1,0,2,0.291,0.444,0.368,0.812
Reed,Johnson,MIA,OF,113,187,24,44,15,0,2,25,0,1,1,37,2,3,8,0.235,0.348,0.266,0.614
Sam,Fuld,OAK,OF,60,187,25,39,6,4,3,19,9,1,17,34,3,0,0,0.209,0.332,0.275,0.607
Marc,Krauss,HOU,OF,67,186,16,36,6,0,6,21,0,0,21,54,0,0,1,0.194,0.323,0.279,0.602
Aaron,Hicks,MIN,OF,69,186,22,40,8,0,1,18,4,3,36,56,2,1,0,0.215,0.274,0.341,0.615
Grady,Sizemore,BOS,OF,52,185,14,40,10,2,2,15,5,0,19,41,0,1,0,0.216,0.324,0.288,0.612
Ryan,Goins,TOR,2B,67,181,14,34,6,3,1,15,0,1,5,42,6,1,0,0.188,0.271,0.209,0.48
Ed,Lucas,MIA,3B,69,179,19,45,5,0,1,9,1,0,8,48,2,0,0,0.251,0.296,0.283,0.579
Ramon,Santiago,CIN,SS,75,179,20,44,8,0,2,17,2,1,24,38,7,1,3,0.246,0.324,0.343,0.667
Mark,Ellis,STL,2B,73,178,15,32,6,0,0,12,4,1,14,38,4,2,4,0.18,0.213,0.253,0.466
Cliff,Pennington,ARI,SS,68,177,21,45,5,3,2,10,6,1,20,36,1,0,3,0.254,0.35,0.34,0.69
Stefen,Romero,SEA,3B,72,177,19,34,6,2,3,11,0,4,4,48,2,1,6,0.192,0.299,0.234,0.533
Dan,Robertson,TEX,OF,70,177,23,48,9,1,0,21,6,4,17,28,2,1,0,0.271,0.333,0.333,0.666
Christian,Vazquez,BOS,C,55,175,15,42,9,0,1,20,0,0,19,33,3,4,0,0.24,0.309,0.308,0.617
Asdrubal,Cabrera,WAS,SS,49,175,20,40,9,2,5,21,3,0,22,29,1,2,0,0.229,0.389,0.312,0.701
Jeff,Mathis,MIA,C,64,175,12,35,7,0,2,12,0,0,15,64,5,0,0,0.2,0.274,0.263,0.537
Jose,Tabata,PIT,OF,80,174,14,49,5,2,0,17,1,2,7,26,1,2,2,0.282,0.333,0.314,0.647
David,Lough,BAL,OF,112,174,31,43,6,3,4,16,8,5,15,33,6,1,1,0.247,0.385,0.309,0.694
Anthony,Recker,NYM,C,58,174,18,35,9,0,7,27,1,1,10,64,2,2,1,0.201,0.374,0.246,0.62
Jake,Marisnick,HOU,OF,51,173,18,47,8,0,3,19,6,3,5,48,2,3,3,0.272,0.37,0.299,0.669
Avisail,Garcia,CWS,OF,46,172,19,42,8,0,7,29,4,1,14,44,0,2,2,0.244,0.413,0.305,0.718
Carlos,Corporan,HOU,C,55,170,22,40,6,0,6,19,0,0,14,37,1,2,3,0.235,0.376,0.302,0.678
Steve,Tolleson,TOR,3B,109,170,21,43,7,2,3,16,3,1,12,49,4,1,2,0.253,0.371,0.308,0.679
Drew,Butera,LAD,C,61,170,16,32,6,1,3,14,0,0,17,41,1,2,2,0.188,0.288,0.267,0.555
Josmil,Pinto,MIN,C,57,169,25,37,8,0,7,18,0,1,24,50,0,3,1,0.219,0.391,0.315,0.706
Mike,McKenry,COL,C,57,168,23,53,9,0,8,22,0,3,22,42,1,0,1,0.315,0.512,0.398,0.91
Mitch,Moreland,TEX,1B,52,167,18,41,9,1,2,23,0,0,12,43,2,2,1,0.246,0.347,0.297,0.644
Adam,Rosales,TEX,2B,56,164,20,43,7,0,4,19,4,2,13,42,0,0,3,0.262,0.378,0.328,0.706
Sam,Fuld,MIN,OF,53,164,15,45,10,0,1,17,12,3,26,29,3,2,0,0.274,0.354,0.37,0.724
Don,Kelly,DET,OF,95,163,24,40,5,1,0,7,6,1,20,29,1,0,1,0.245,0.288,0.332,0.62
Hector,Sanchez,SF,C,66,163,8,32,8,0,3,28,0,1,8,55,0,4,2,0.196,0.301,0.237,0.538
Grady,Sizemore,PHI,OF,60,162,21,41,9,2,3,12,1,1,14,35,0,0,0,0.253,0.389,0.313,0.702
Daniel,Descalso,STL,2B,104,161,20,39,11,0,0,10,1,3,20,33,1,0,2,0.242,0.311,0.333,0.644
Nick,Hundley,BAL,C,50,159,17,37,4,0,5,19,1,0,10,50,2,3,0,0.233,0.352,0.273,0.625
Efren,Navarro,LAA,1B,64,159,17,39,10,1,1,14,1,3,13,27,2,0,0,0.245,0.34,0.302,0.642
Derek,Dietrich,MIA,2B,49,158,31,36,6,2,5,17,1,0,13,38,2,0,10,0.228,0.386,0.326,0.712
Bryan,Holaday,DET,C,62,156,14,36,5,1,0,15,1,1,8,37,2,4,1,0.231,0.276,0.266,0.542
Jason,Kubel,MIN,OF,45,156,12,35,6,1,1,13,1,0,19,59,0,0,1,0.224,0.295,0.313,0.608
Kendrys,Morales,MIN,1B,39,154,12,36,11,0,1,18,0,0,6,27,0,2,0,0.234,0.325,0.259,0.584
Danny,Valencia,TOR,3B,50,154,12,37,11,1,2,19,1,1,7,35,0,3,1,0.24,0.364,0.273,0.637
David,Ross,BOS,C,50,152,16,28,7,0,7,15,0,1,16,58,2,1,0,0.184,0.368,0.26,0.628
Gerald,Laird,ATL,C,53,152,12,31,8,0,0,10,0,0,14,33,0,0,1,0.204,0.257,0.275,0.532
Matt,den Dekker,NYM,OF,53,152,23,38,11,0,0,7,7,4,21,34,0,0,1,0.25,0.322,0.345,0.667
Prince,Fielder,TEX,1B,42,150,19,37,8,0,3,16,0,0,25,24,0,1,2,0.247,0.36,0.36,0.72
Miguel,Rojas,LAD,SS,85,149,16,27,3,0,1,9,0,0,10,28,1,0,2,0.181,0.221,0.242,0.463
Ramiro,Pena,ATL,2B,81,147,9,36,6,0,3,9,1,0,13,38,4,1,0,0.245,0.347,0.304,0.651
Francisco,Cervelli,NYY,C,49,146,18,44,11,1,2,13,1,0,11,41,0,0,5,0.301,0.432,0.37,0.802
Leury,Garcia,CWS,SS,74,145,13,24,3,0,1,6,11,1,5,48,4,1,0,0.166,0.207,0.192,0.399
Kris,Negron,CIN,3B,49,144,19,39,10,1,6,17,5,0,12,40,1,0,1,0.271,0.479,0.331,0.81
Stephen,Drew,NYY,SS,46,140,7,21,8,0,3,15,0,0,13,36,0,2,0,0.15,0.271,0.219,0.49
Nate,McLouth,WAS,OF,79,139,10,24,6,0,1,7,4,1,16,35,1,1,5,0.173,0.237,0.28,0.517
Tyler,Colvin,SF,OF,57,139,16,31,10,3,2,18,1,0,8,45,0,1,1,0.223,0.381,0.268,0.649
Chris,Stewart,PIT,C,49,136,9,40,5,0,0,10,0,1,12,27,2,1,3,0.294,0.331,0.362,0.693
Chris,Taylor,SEA,SS,47,136,16,39,8,0,0,9,5,2,11,39,1,1,2,0.287,0.346,0.347,0.693
Elian,Herrera,MIL,3B,69,135,14,37,7,1,0,5,4,1,3,36,1,1,0,0.274,0.341,0.288,0.629
Tony,Cruz,STL,C,50,135,11,27,5,0,1,17,0,3,13,28,2,0,0,0.2,0.259,0.27,0.529
Josh,Thole,TOR,C,57,133,11,33,4,0,0,7,0,3,14,25,3,0,0,0.248,0.278,0.32,0.598
Martin,Prado,NYY,3B,37,133,18,42,9,0,7,16,1,0,3,23,0,0,1,0.316,0.541,0.336,0.877
Willie,Bloomquist,SEA,SS,47,133,15,37,6,0,1,14,1,1,4,32,1,1,0,0.278,0.346,0.297,0.643
Stephen,Drew,BOS,SS,39,131,11,23,6,1,4,11,1,1,14,39,0,0,0,0.176,0.328,0.255,0.583
Dan,Uggla,ATL,2B,48,130,13,21,3,0,2,10,0,0,10,40,0,1,4,0.162,0.231,0.241,0.472
Jordan,Schafer,MIN,OF,41,130,17,37,5,1,1,13,15,5,12,28,5,0,0,0.285,0.362,0.345,0.707
Tuffy,Gosewisch,ARI,C,41,129,6,29,8,0,1,7,0,0,3,24,0,0,0,0.225,0.31,0.242,0.552
Phil,Gosselin,ATL,2B,46,128,17,34,4,0,1,3,2,2,5,27,1,0,2,0.266,0.32,0.304,0.624
Moises,Sierra,CWS,OF,83,127,20,35,8,2,2,7,3,1,7,34,0,1,0,0.276,0.417,0.311,0.728
Jake,Lamb,ARI,3B,37,126,15,29,4,1,4,11,1,1,6,37,0,1,0,0.23,0.373,0.263,0.636
Gerardo,Parra,MIL,OF,46,123,13,33,4,1,3,10,4,2,8,28,2,0,1,0.268,0.39,0.318,0.708
Shane,Victorino,BOS,OF,30,123,14,33,6,1,2,12,2,0,6,21,1,2,1,0.268,0.382,0.303,0.685
Wil,Nieves,PHI,C,36,122,9,31,8,0,1,7,1,0,1,34,2,1,2,0.254,0.344,0.27,0.614
John,Mayberry,PHI,OF,63,122,11,26,7,0,6,21,0,0,15,30,0,0,1,0.213,0.418,0.304,0.722
L.J.,Hoes,HOU,OF,55,122,12,21,5,0,3,11,0,0,10,31,1,3,0,0.172,0.287,0.23,0.517
Chris,Valaika,CHC,2B,44,121,10,28,4,0,3,13,1,0,7,35,0,1,2,0.231,0.339,0.282,0.621
Freddy,Galvis,PHI,SS,43,119,14,21,3,1,4,12,1,0,8,30,0,1,0,0.176,0.319,0.227,0.546
Emilio,Bonifacio,ATL,2B,41,118,12,25,3,1,1,6,12,2,10,36,0,0,0,0.212,0.28,0.273,0.553
Jordan,Danks,CWS,OF,51,117,14,26,2,0,2,10,5,3,14,46,0,1,0,0.222,0.291,0.303,0.594
Logan,Schafer,MIL,OF,65,116,13,21,9,1,0,8,2,1,15,27,3,1,1,0.181,0.276,0.278,0.554
Kevin,Pillar,TOR,OF,53,116,19,31,9,0,2,7,1,2,4,28,0,1,1,0.267,0.397,0.295,0.692
Luis,Sardinas,TEX,SS,43,115,12,30,6,0,0,8,5,1,5,21,3,0,2,0.261,0.313,0.303,0.616
Cesar,Hernandez,PHI,2B,66,114,13,27,2,0,1,4,1,1,9,33,1,1,0,0.237,0.281,0.29,0.571
Brendan,Ryan,NYY,SS,49,114,5,19,4,0,0,8,0,2,4,30,1,2,3,0.167,0.202,0.211,0.413
Christian,Bethancourt,ATL,C,31,113,7,28,3,0,0,9,1,1,3,26,0,0,1,0.248,0.274,0.274,0.548
Kirk,Nieuwenhuis,NYM,OF,61,112,16,29,14,1,3,16,4,0,16,39,0,2,0,0.259,0.482,0.346,0.828
Donnie,Murphy,TEX,3B,45,112,11,22,3,0,4,14,0,1,11,38,1,3,1,0.196,0.33,0.268,0.598
Martin,Maldonado,MIL,C,52,111,14,26,5,0,4,16,0,0,11,32,1,0,3,0.234,0.387,0.32,0.707
Danny,Valencia,KC,3B,36,110,8,31,5,0,2,11,0,0,7,27,0,1,1,0.282,0.382,0.328,0.71
Randal,Grichuk,STL,OF,47,110,11,27,6,1,3,8,0,2,5,31,1,0,0,0.245,0.4,0.278,0.678
Rymer,Liriano,SD,OF,38,109,13,24,2,0,1,6,4,1,9,39,0,1,2,0.22,0.266,0.289,0.555
Chris,Gimenez,TEX,C,34,107,13,28,10,0,0,11,0,1,11,26,0,0,0,0.262,0.355,0.331,0.686
Adrian,Nieto,CWS,C,48,106,8,25,5,0,2,7,0,1,8,38,3,0,1,0.236,0.34,0.296,0.636
Abraham,Almonte,SEA,OF,27,106,10,21,5,1,1,8,3,1,6,40,0,0,1,0.198,0.292,0.248,0.54
Alfredo,Marte,ARI,OF,44,106,8,18,5,1,2,9,1,0,6,34,1,0,1,0.17,0.292,0.221,0.513
Ryan,Rua,TEX,OF,28,105,11,31,7,0,2,14,1,0,2,18,0,0,2,0.295,0.419,0.321,0.74
Tony,Gwynn Jr.,PHI,OF,80,105,14,16,2,1,0,3,3,0,15,23,6,0,1,0.152,0.19,0.264,0.454
Matt,Wieters,BAL,C,26,104,13,32,5,0,5,18,0,1,6,19,0,2,0,0.308,0.5,0.339,0.839
Clint,Barmes,PIT,SS,48,102,15,25,5,0,0,7,1,1,9,18,0,1,4,0.245,0.294,0.328,0.622
Darin,Ruf,PHI,1B,52,102,13,24,8,0,3,8,0,0,8,32,1,2,4,0.235,0.402,0.31,0.712
Jacob,Goebbert,SD,OF,51,101,12,22,1,3,1,10,2,1,12,32,0,0,2,0.218,0.317,0.313,0.63
Carlos,Sanchez,CWS,3B,28,100,6,25,5,0,0,5,1,1,3,25,0,1,0,0.25,0.3,0.269,0.569
Juan C.,Perez,SF,OF,61,100,13,17,7,0,1,3,0,1,5,25,2,0,2,0.17,0.27,0.224,0.494
Grant,Green,LAA,2B,43,99,7,27,5,0,1,11,1,4,2,20,0,2,0,0.273,0.354,0.282,0.636
Jordany,Valdespin,MIA,OF,52,98,8,21,2,1,3,10,1,0,9,16,6,0,0,0.214,0.347,0.28,0.627
Chris,Dickerson,CLE,OF,41,98,12,22,4,0,2,6,3,0,12,38,2,0,0,0.224,0.327,0.309,0.636
Abraham,Almonte,SD,OF,32,98,9,26,5,0,2,7,1,2,6,20,2,1,0,0.265,0.378,0.305,0.683
Gregorio,Petit,HOU,SS,37,97,14,27,8,0,2,9,0,1,1,25,0,0,2,0.278,0.423,0.3,0.723
Ehire,Adrianza,SF,2B,53,97,10,23,6,0,0,5,1,1,5,22,2,1,1,0.237,0.299,0.279,0.578
Allen,Craig,BOS,OF,29,94,7,12,3,0,1,2,1,0,9,36,0,0,4,0.128,0.191,0.234,0.425
Tyler,Moore,WAS,OF,42,91,8,21,2,0,4,14,0,0,7,29,0,0,2,0.231,0.385,0.3,0.685
Jonathan,Herrera,BOS,SS,42,90,10,21,1,2,0,9,1,3,7,24,3,1,3,0.233,0.289,0.307,0.596
Steve,Clevenger,BAL,C,35,89,8,20,8,1,0,8,0,0,8,19,0,0,0,0.225,0.337,0.289,0.626
Jorge,Soler,CHC,OF,24,89,11,26,8,1,5,20,1,0,6,24,0,2,0,0.292,0.573,0.33,0.903
Zach,Walters,CLE,DH,30,88,9,15,2,0,7,12,0,0,5,32,0,0,1,0.17,0.432,0.223,0.655
Andrew,Susac,SF,C,35,88,13,24,8,0,3,19,0,0,7,28,0,0,0,0.273,0.466,0.326,0.792
Nate,Freiman,OAK,1B,36,87,12,19,5,0,5,15,0,0,5,23,0,0,1,0.218,0.448,0.269,0.717
Jake,Smolinski,TEX,OF,24,86,12,30,5,0,3,12,0,0,3,24,0,0,3,0.349,0.512,0.391,0.903
Mike,Carp,BOS,1B,42,86,9,17,5,1,0,9,0,1,11,17,0,1,5,0.198,0.279,0.32,0.599
Roberto,Perez,CLE,C,29,85,10,23,5,0,1,4,0,0,5,26,5,0,0,0.271,0.365,0.311,0.676
John,Buck,SEA,C,27,84,9,19,2,0,1,6,0,0,8,24,0,0,0,0.226,0.286,0.293,0.579
J.B.,Shuck,LAA,OF,22,84,10,14,1,0,2,9,2,0,3,11,1,0,0,0.167,0.25,0.195,0.445
A.J.,Pierzynski,STL,C,30,82,6,20,2,0,1,6,0,1,5,14,0,0,1,0.244,0.305,0.295,0.6
Chris,Denorfia,SEA,OF,32,82,11,16,2,1,2,5,1,2,7,19,0,1,0,0.195,0.317,0.256,0.573
Alejandro,De Aza,BAL,OF,20,82,11,24,5,3,3,10,2,3,6,19,1,0,0,0.293,0.537,0.341,0.878
Reid,Brignac,PHI,SS,37,81,4,18,5,1,1,10,1,1,9,33,1,0,0,0.222,0.346,0.3,0.646
Erik,Kratz,TOR,C,34,81,8,16,3,0,3,10,0,0,3,12,0,0,0,0.198,0.346,0.226,0.572
Jordan,Pacheco,ARI,C,47,81,6,22,4,0,0,8,0,0,3,12,1,0,0,0.272,0.321,0.298,0.619
Enrique,Hernandez,HOU,SS,24,81,10,23,4,2,1,8,0,0,8,11,0,0,0,0.284,0.42,0.348,0.768
John Ryan,Murphy,NYY,C,32,81,7,23,4,0,1,9,0,0,4,22,0,0,0,0.284,0.37,0.318,0.688
Jordan,Schafer,ATL,OF,63,80,9,13,4,0,0,2,15,2,10,20,3,0,0,0.163,0.213,0.256,0.469
John,McDonald,LAA,3B,95,76,4,13,2,0,0,5,1,1,7,18,5,1,2,0.171,0.197,0.256,0.453
Pedro,Florimon,MIN,SS,33,76,7,7,1,1,0,1,6,0,8,22,2,0,0,0.092,0.132,0.179,0.311
Chris,Herrmann,MIN,OF,33,75,8,16,3,0,0,4,1,0,4,17,0,0,0,0.213,0.253,0.253,0.506
Eric,Fryer,MIN,C,28,75,11,16,4,0,1,5,1,0,5,15,0,0,1,0.213,0.307,0.272,0.579
Tony,Sanchez,PIT,C,26,75,3,20,1,0,2,13,0,0,3,28,0,1,1,0.267,0.36,0.3,0.66
Brennan,Boesch,LAA,OF,27,75,6,14,2,0,2,7,3,0,2,19,0,2,0,0.187,0.293,0.203,0.496
Justin,Bour,MIA,1B,39,74,10,21,3,0,1,11,0,0,9,19,0,0,0,0.284,0.365,0.361,0.726
Steve,Lombardozzi,BAL,2B,20,73,6,21,1,1,0,2,1,0,0,14,0,0,1,0.288,0.329,0.297,0.626
Travis,Ishikawa,SF,1B,47,73,7,20,3,0,2,15,0,0,6,23,0,1,1,0.274,0.397,0.333,0.73
Chris,Nelson,SD,3B,27,73,5,17,3,0,0,7,1,2,7,14,0,1,0,0.233,0.274,0.296,0.57
Adam,Duvall,SF,3B,28,73,8,14,2,0,3,5,0,0,3,20,0,0,1,0.192,0.342,0.234,0.576
Curt,Casali,TB,C,30,72,10,12,3,0,0,3,0,0,8,23,2,0,2,0.167,0.208,0.268,0.476
Jordan,Pacheco,COL,C,22,72,4,17,6,1,0,8,0,0,6,15,0,1,1,0.236,0.347,0.3,0.647
Tyler,Holt,CLE,OF,36,71,4,19,2,0,0,2,2,2,3,25,1,0,1,0.268,0.296,0.307,0.603
Tim,Federowicz,LAD,C,23,71,2,8,3,0,1,5,0,0,3,18,2,1,1,0.113,0.197,0.158,0.355
Chris,Young,NYY,OF,23,71,9,20,8,0,3,10,1,0,7,16,0,0,1,0.282,0.521,0.354,0.875
Cole,Gillespie,SEA,OF,34,71,9,18,2,0,1,5,2,2,6,13,1,0,0,0.254,0.324,0.312,0.636
Jeff,Bianchi,MIL,SS,29,70,4,12,1,0,0,6,0,0,3,17,0,1,0,0.171,0.186,0.203,0.389
Nick,Ahmed,ARI,SS,25,70,9,14,2,0,1,4,0,1,3,10,2,0,0,0.2,0.271,0.233,0.504
Ezequiel,Carrera,DET,OF,45,69,12,18,4,1,0,2,7,1,3,14,0,0,1,0.261,0.348,0.301,0.649
Tomas,Telis,TEX,C,18,68,7,17,2,0,0,8,0,0,1,10,1,0,1,0.25,0.279,0.271,0.55
Ian,Stewart,LAA,3B,24,68,8,12,2,3,2,7,1,0,3,31,0,0,1,0.176,0.382,0.222,0.604
Josh,Wilson,TEX,SS,24,67,7,16,4,0,0,8,1,0,2,14,2,0,1,0.239,0.299,0.271,0.57
Rafael,Ynoa,COL,2B,19,67,5,23,6,1,0,13,0,0,4,9,0,0,0,0.343,0.463,0.38,0.843
Logan,Watkins,CHC,2B,31,65,10,16,3,0,1,6,1,0,1,16,1,0,1,0.246,0.338,0.269,0.607
Jonny,Gomes,OAK,OF,34,64,6,15,1,0,0,5,0,0,9,18,0,2,0,0.234,0.25,0.32,0.57
Sandy,Leon,WAS,C,20,64,7,10,1,0,1,3,0,0,6,20,0,0,0,0.156,0.219,0.229,0.448
Ben,Paulsen,COL,1B,31,63,8,20,4,0,4,10,0,0,2,19,0,0,1,0.317,0.571,0.348,0.919
Cory,Spangenberg,SD,2B,20,62,7,18,2,1,2,9,4,2,2,14,1,0,0,0.29,0.452,0.313,0.765
Matt,Szczur,CHC,OF,33,62,6,14,2,0,2,5,0,0,4,11,0,0,0,0.226,0.355,0.273,0.628
Jesus,Sucre,SEA,C,21,61,4,13,2,0,0,5,0,0,0,17,3,0,0,0.213,0.246,0.213,0.459
Matt,Duffy,SF,SS,34,60,5,16,2,0,0,8,0,1,1,14,1,0,2,0.267,0.3,0.302,0.602
Cameron,Rupp,PHI,C,18,60,4,11,4,0,0,6,0,0,4,20,0,0,0,0.183,0.25,0.234,0.484
Tony,Campana,ARI,OF,26,60,4,9,1,1,0,3,4,1,0,10,0,0,1,0.15,0.2,0.164,0.364
Shane,Robinson,STL,OF,47,60,3,9,1,1,0,4,0,1,6,10,0,0,0,0.15,0.2,0.227,0.427
Roger,Bernadina,CIN,OF,44,59,3,9,3,0,0,5,2,1,10,16,1,0,1,0.153,0.203,0.286,0.489
Nick,Hundley,SD,C,33,59,1,16,3,0,1,3,0,0,0,13,0,0,0,0.271,0.373,0.271,0.644
Dilson,Herrera,NYM,2B,18,59,6,13,0,1,3,11,0,0,7,17,0,0,0,0.22,0.407,0.303,0.71
Daric,Barton,OAK,1B,30,57,7,9,1,0,0,5,0,0,5,14,0,1,1,0.158,0.175,0.234,0.409
Ryan,Wheeler,COL,3B,31,56,6,13,2,0,2,13,0,0,5,12,0,3,0,0.232,0.375,0.281,0.656
Gordon,Beckham,LAA,2B,26,56,10,15,3,0,2,8,0,0,3,11,0,0,2,0.268,0.429,0.328,0.757
Maikel,Franco,PHI,3B,16,56,5,10,2,0,0,5,0,0,1,13,0,1,0,0.179,0.214,0.19,0.404
Tucker,Barnhart,CIN,C,21,54,3,10,0,0,1,1,0,0,4,10,2,0,0,0.185,0.241,0.241,0.482
Jimmy,Paredes,BAL,3B,18,53,9,16,4,0,2,8,2,0,2,13,0,0,0,0.302,0.491,0.327,0.818
Jace,Peterson,SD,2B,27,53,3,6,0,0,0,0,2,0,2,18,2,0,1,0.113,0.113,0.161,0.274
Nolan,Reimold,TOR,OF,22,52,3,11,4,0,2,9,1,0,6,22,0,2,0,0.212,0.404,0.283,0.687
Brett,Hayes,KC,C,27,52,3,7,1,0,1,2,0,0,1,12,0,0,0,0.135,0.212,0.151,0.363
Jake,Marisnick,MIA,OF,14,48,3,8,0,0,0,0,5,0,3,19,0,0,0,0.167,0.167,0.216,0.383
Nick,Franklin,SEA,2B,17,47,3,6,0,1,0,2,1,0,3,21,0,1,1,0.128,0.17,0.192,0.362
Pedro,Ciriaco,KC,3B,25,47,7,10,2,0,0,2,4,0,0,9,1,0,1,0.213,0.255,0.229,0.484
Andres,Blanco,PHI,SS,25,47,4,13,5,0,1,3,0,0,2,6,4,0,0,0.277,0.447,0.306,0.753
Andy,Parrino,OAK,SS,21,46,4,7,3,0,1,3,0,0,3,14,0,1,1,0.152,0.283,0.216,0.499
Christian,Colon,KC,SS,21,45,8,15,5,1,0,6,2,0,3,4,1,0,0,0.333,0.489,0.375,0.864
Kyle,Blanks,OAK,1B,21,45,9,15,1,0,2,7,0,0,8,13,0,1,2,0.333,0.489,0.446,0.935
Andy,Wilkins,CWS,1B,17,43,2,6,2,0,0,2,0,0,2,22,0,0,0,0.14,0.186,0.178,0.364
Cole,Figueroa,TB,SS,23,43,6,10,2,1,0,6,0,0,4,4,0,2,0,0.233,0.326,0.286,0.612
Danny,Worth,DET,2B,20,42,5,7,1,0,0,5,0,1,2,12,0,1,1,0.167,0.19,0.217,0.407
Geovany,Soto,OAK,C,14,42,3,11,4,0,0,8,0,0,6,8,1,0,0,0.262,0.357,0.354,0.711
Roger,Kieschnick,ARI,OF,25,41,2,8,1,0,1,2,0,0,0,16,0,0,0,0.195,0.293,0.195,0.488
Erisbel,Arruebarrena,LAD,SS,22,41,4,8,1,0,0,4,0,0,3,17,0,1,0,0.195,0.22,0.244,0.464
Tyler,Pastornicky,ATL,SS,28,40,4,8,0,1,0,2,0,1,6,11,1,0,0,0.2,0.25,0.304,0.554
Enrique,Hernandez,MIA,SS,18,40,3,7,2,1,2,6,0,0,4,10,0,0,1,0.175,0.425,0.267,0.692
Mike,Carp,TEX,1B,17,40,2,5,0,0,0,4,0,0,5,14,0,1,0,0.125,0.125,0.217,0.342
Justin,Maxwell,KC,OF,20,40,4,6,1,0,0,3,0,1,2,20,0,1,2,0.15,0.175,0.222,0.397
Kelly,Johnson,BAL,3B,19,39,7,9,4,0,1,4,0,1,6,11,0,0,0,0.231,0.41,0.333,0.743
Jayson,Nix,PHI,3B,18,39,1,6,0,0,1,2,0,2,2,18,0,0,1,0.154,0.231,0.214,0.445
Michael,Taylor,WAS,OF,17,39,5,8,3,0,1,5,0,2,3,17,0,0,1,0.205,0.359,0.279,0.638
Michael,Martinez,PIT,2B,26,39,2,5,1,0,0,2,0,0,4,13,1,0,0,0.128,0.154,0.209,0.363
Zach,Walters,WAS,DH,32,39,7,8,1,0,3,5,0,0,4,16,0,0,0,0.205,0.462,0.279,0.741
Brent,Morel,PIT,3B,23,39,1,7,2,0,0,4,0,0,2,9,0,0,0,0.179,0.231,0.22,0.451
Andrew,Lambo,PIT,OF,21,39,3,10,4,0,0,1,0,0,0,8,0,0,0,0.256,0.359,0.256,0.615
Dalton,Pompey,TOR,OF,17,39,5,9,1,2,1,4,1,0,4,12,0,0,0,0.231,0.436,0.302,0.738
Jonathan,Diaz,TOR,SS,23,38,3,6,1,0,0,4,1,0,3,14,2,0,2,0.158,0.184,0.256,0.44
Dan,Johnson,TOR,1B,15,38,8,8,2,0,1,7,0,0,7,10,0,2,1,0.211,0.342,0.333,0.675
Geovany,Soto,TEX,C,10,38,5,9,2,0,1,3,0,0,0,11,0,0,0,0.237,0.368,0.237,0.605
Xavier,Nady,SD,OF,22,37,4,5,1,0,3,4,0,0,5,9,0,0,0,0.135,0.405,0.238,0.643
Johnny,Giavotella,KC,2B,12,37,8,8,1,0,1,5,0,1,1,5,0,1,2,0.216,0.324,0.268,0.592
Josh,Phegley,CWS,C,11,37,4,8,2,0,3,7,0,0,0,11,0,1,0,0.216,0.514,0.211,0.725
Luis,Jimenez,LAA,3B,18,37,3,6,2,0,0,2,0,0,0,13,2,0,2,0.162,0.216,0.205,0.421
Zoilo,Almonte,NYY,OF,13,36,2,5,0,0,1,3,1,0,0,14,0,0,0,0.139,0.222,0.139,0.361
Rusney,Castillo,BOS,OF,10,36,6,12,1,0,2,6,3,0,3,6,0,0,1,0.333,0.528,0.4,0.928
Jayson,Nix,PIT,3B,16,36,1,4,0,0,0,1,1,0,1,4,1,0,1,0.111,0.111,0.158,0.269
Rafael,Furcal,MIA,2B,9,35,4,6,0,1,0,2,0,0,2,7,0,0,0,0.171,0.229,0.216,0.445
Maicer,Izturis,TOR,2B,11,35,3,10,1,0,0,1,1,0,2,4,1,0,0,0.286,0.314,0.324,0.638
Josh,Satin,NYM,1B,25,35,2,3,2,0,0,3,0,0,6,14,0,0,2,0.086,0.143,0.256,0.399
Moises,Sierra,TOR,OF,13,34,2,2,0,0,0,2,0,0,1,9,0,0,0,0.059,0.059,0.086,0.145
Nick,Franklin,TB,2B,11,34,4,7,2,0,1,4,1,0,3,11,0,1,0,0.206,0.353,0.263,0.616
Travis,Ishikawa,PIT,1B,15,34,2,7,1,1,1,3,0,0,3,11,0,1,0,0.206,0.382,0.263,0.645
Jason,Bourgeois,CIN,OF,18,33,5,8,0,1,0,1,0,0,1,6,0,0,0,0.242,0.303,0.265,0.568
Darwin,Barney,LAD,2B,22,33,6,10,1,0,1,7,0,0,8,3,0,1,3,0.303,0.424,0.467,0.891
Jesus,Aguilar,CLE,1B,19,33,2,4,0,0,0,3,0,0,4,13,0,1,0,0.121,0.121,0.211,0.332
Darin,Mastroianni,TOR,OF,14,32,4,5,0,0,1,2,0,0,0,5,0,0,0,0.156,0.25,0.156,0.406
Garin,Cecchini,BOS,3B,11,31,6,8,3,0,1,4,0,0,3,11,0,0,2,0.258,0.452,0.361,0.813
Matt,McBride,COL,1B,21,31,6,7,2,0,2,6,0,0,2,12,0,0,1,0.226,0.484,0.294,0.778
Brooks,Conrad,SD,3B,13,30,2,3,1,0,1,2,0,0,3,14,0,1,0,0.1,0.233,0.176,0.409
Neftali,Soto,CIN,1B,21,30,1,3,1,0,0,1,1,0,0,8,0,1,0,0.1,0.133,0.097,0.23
Juan,Centeno,NYM,C,10,30,1,6,0,0,0,2,0,0,3,5,0,0,0,0.2,0.2,0.273,0.473
Erik,Kratz,KC,C,13,29,4,8,1,0,2,3,0,0,1,10,0,1,0,0.276,0.517,0.29,0.807
J.T.,Realmuto,MIA,C,11,29,4,7,1,1,0,9,0,0,1,8,0,0,0,0.241,0.345,0.267,0.612
Omar,Quintanilla,NYM,SS,15,29,2,6,1,0,0,3,0,0,2,5,0,0,0,0.207,0.241,0.258,0.499
Taylor,Teagarden,NYM,C,9,28,1,4,0,0,1,5,0,0,2,7,0,0,0,0.143,0.25,0.2,0.45
Joc,Pederson,LAD,OF,18,28,1,4,0,0,0,0,0,0,9,11,1,0,0,0.143,0.143,0.351,0.494
Yorman,Rodriguez,CIN,OF,11,27,3,6,0,0,0,2,0,1,1,12,0,0,1,0.222,0.222,0.276,0.498
Matt,Clark,MIL,1B,16,27,4,5,0,0,3,7,0,0,2,8,0,2,0,0.185,0.519,0.226,0.745
J.B.,Shuck,CLE,OF,16,26,2,2,0,0,0,0,0,0,0,1,0,0,0,0.077,0.077,0.077,0.154
Jemile,Weeks,BOS,2B,14,26,6,8,3,0,0,3,2,0,4,2,0,1,1,0.308,0.423,0.406,0.829
Kyle,Parker,COL,OF,18,26,1,5,1,0,0,1,0,0,0,14,0,0,0,0.192,0.231,0.192,0.423
Bryce,Brentz,BOS,OF,9,26,5,8,2,0,0,2,0,0,0,9,0,0,0,0.308,0.385,0.308,0.693
Chris,Getz,TOR,2B,10,25,1,4,1,0,0,0,2,0,1,4,1,0,1,0.16,0.2,0.222,0.422
Kelly,Johnson,BOS,3B,10,25,1,4,1,0,0,1,0,0,0,10,0,0,0,0.16,0.2,0.16,0.36
Jeff,Francoeur,SD,OF,10,24,2,2,0,0,0,1,0,0,3,7,0,1,0,0.083,0.083,0.179,0.262
John,Mayberry,TOR,OF,15,24,4,5,3,0,1,2,0,0,5,5,0,1,0,0.208,0.458,0.333,0.791
Ike,Davis,NYM,1B,12,24,4,5,1,0,1,5,0,0,6,4,0,0,0,0.208,0.375,0.367,0.742
Jose,Pirela,NYY,SS,7,24,6,8,1,2,0,3,0,0,1,4,0,0,0,0.333,0.542,0.36,0.902
Tyler,Collins,DET,OF,18,24,3,6,0,0,1,4,0,0,1,4,0,0,0,0.25,0.375,0.28,0.655
Steven,Souza,WAS,OF,21,23,2,3,0,0,2,2,0,0,3,7,0,0,0,0.13,0.391,0.231,0.622
Pete,Kozma,STL,SS,14,23,4,7,3,0,0,0,0,0,3,4,0,0,0,0.304,0.435,0.385,0.82
Miguel,Olivo,LAD,C,8,23,4,5,0,1,0,2,0,0,1,12,0,1,0,0.217,0.304,0.24,0.544
Nick,Evans,ARI,OF,18,22,2,6,2,0,2,7,0,0,1,10,0,0,0,0.273,0.636,0.304,0.94
Dean,Anna,NYY,SS,12,22,3,3,1,0,1,3,0,0,2,6,0,1,0,0.136,0.318,0.2,0.518
Jamie,Romak,LAD,OF,15,21,2,1,1,0,0,3,0,0,2,8,0,0,0,0.048,0.095,0.13,0.225
Koyie,Hill,PHI,C,10,21,2,5,1,0,0,1,0,0,1,5,0,0,0,0.238,0.286,0.273,0.559
George,Kottaras,CLE,C,10,21,4,6,0,0,3,4,0,0,4,11,1,1,0,0.286,0.714,0.385,1.099
Jerry,Sands,TB,OF,12,21,1,4,0,0,1,4,0,0,0,6,0,0,1,0.19,0.333,0.227,0.56
Hector,Gomez,MIL,SS,15,20,2,3,1,0,0,1,0,0,1,9,0,0,0,0.15,0.2,0.19,0.39
Max,Stassi,HOU,C,7,20,2,7,2,0,0,4,0,0,0,6,0,0,0,0.35,0.45,0.35,0.8
Irving,Falu,SD,2B,11,20,0,3,0,0,0,0,1,0,3,4,0,0,0,0.15,0.15,0.261,0.411
Dan,Butler,BOS,C,7,19,1,4,3,0,0,2,0,0,1,5,0,0,0,0.211,0.368,0.25,0.618
Caleb,Gindl,MIL,OF,8,19,0,3,0,0,0,0,0,0,4,5,0,0,0,0.158,0.158,0.304,0.462
Elliot,Johnson,CLE,SS,7,19,1,2,2,0,0,0,0,0,0,7,1,0,0,0.105,0.211,0.105,0.316
Ryan,Roberts,BOS,3B,8,19,1,2,0,0,0,0,0,0,3,7,0,0,0,0.105,0.105,0.227,0.332
Christian,Walker,BAL,OF,6,18,1,3,1,0,1,1,0,0,1,9,0,0,0,0.167,0.389,0.211,0.6
Nolan,Reimold,ARI,OF,7,17,2,5,1,0,1,4,0,0,0,10,0,1,0,0.294,0.529,0.278,0.807
Jesus,Montero,SEA,1B,6,17,1,4,0,0,1,2,0,0,0,3,0,0,0,0.235,0.412,0.235,0.647
Chris,Dominguez,SF,3B,8,17,1,1,0,0,1,2,0,0,1,4,0,0,0,0.059,0.235,0.111,0.346
Domingo,Santana,HOU,OF,6,17,1,0,0,0,0,0,0,0,1,14,0,0,0,0,0,0.056,0.056
Justin,Sellers,CLE,SS,17,16,1,3,0,0,0,0,0,1,3,4,2,0,0,0.188,0.188,0.316,0.504
Scott,Sizemore,NYY,2B,6,16,3,5,2,0,0,4,0,0,0,8,0,0,0,0.313,0.438,0.313,0.751
Antoan,Richardson,NYY,OF,13,16,2,5,0,0,0,1,5,0,1,3,0,0,0,0.313,0.313,0.353,0.666
Shawn,O'Malley,LAA,SS,11,16,3,3,0,0,0,1,2,0,0,8,0,0,0,0.188,0.188,0.188,0.376
Brad,Glenn,TOR,OF,6,15,0,1,0,0,0,0,0,0,1,5,0,0,0,0.067,0.067,0.125,0.192
Xavier,Scruggs,STL,1B,9,15,0,3,1,0,0,2,0,0,2,7,0,0,1,0.2,0.267,0.333,0.6
Cristhian,Adames,COL,SS,7,15,1,1,0,0,0,0,0,0,0,5,0,0,0,0.067,0.067,0.067,0.134
Tony,Campana,LAA,OF,18,15,6,5,0,0,0,2,0,1,0,6,0,0,0,0.333,0.333,0.333,0.666
Carlos,Triunfel,LAD,SS,12,15,3,2,0,0,1,1,0,0,1,5,0,0,0,0.133,0.333,0.188,0.521
Jackson,Williams,COL,C,7,14,1,3,0,0,1,3,0,0,2,4,0,0,0,0.214,0.429,0.313,0.742
Greg,Garcia,STL,SS,14,14,2,2,1,0,0,1,0,0,1,6,0,0,3,0.143,0.214,0.333,0.547
Austin,Romine,NYY,C,7,13,2,3,1,0,0,1,0,0,0,4,0,0,0,0.231,0.308,0.231,0.539
Alex,Guerrero,LAD,OF,11,13,0,1,0,0,0,0,0,0,0,6,0,0,0,0.077,0.077,0.077,0.154
James,McCann,DET,C,9,12,2,3,1,0,0,0,1,0,0,2,0,0,0,0.25,0.333,0.25,0.583
Guilder,Rodriguez,TEX,SS,7,12,2,2,0,0,0,1,0,0,1,5,1,0,0,0.167,0.167,0.231,0.398
Dan,Uggla,SF,2B,4,11,1,0,0,0,0,0,0,0,1,6,0,0,0,0,0,0.083,0.083
Darin,Mastroianni,MIN,OF,7,11,3,0,0,0,0,0,1,0,1,5,0,0,0,0,0,0.083,0.083
Jemile,Weeks,BAL,2B,3,11,2,3,0,1,0,0,0,0,0,0,2,0,0,0.273,0.455,0.273,0.728
Jake,Elmore,CIN,SS,5,11,0,2,0,0,0,0,0,0,1,4,0,0,0,0.182,0.182,0.25,0.432
Rafael,Lopez,CHC,C,7,11,0,2,0,0,0,1,0,0,2,4,0,1,0,0.182,0.182,0.286,0.468
Irving,Falu,MIL,2B,11,10,0,0,0,0,0,1,0,0,1,1,0,1,0,0,0,0.083,0.083
Ryan,Lavarnway,BOS,C,9,10,0,0,0,0,0,0,0,0,0,3,0,0,0,0,0,0,0
Joey,Terdoslavich,ATL,OF,9,10,1,3,2,0,0,2,0,0,0,3,0,0,1,0.3,0.5,0.364,0.864
Eury,Perez,NYY,OF,4,10,2,2,0,0,0,0,1,0,0,3,0,0,0,0.2,0.2,0.2,0.4
Jimmy,Paredes,KC,3B,9,10,3,2,0,0,0,0,2,0,0,3,0,0,0,0.2,0.2,0.2,0.4
Vincent,Belnome,TB,2B,4,10,1,1,1,0,0,1,0,0,3,3,0,1,0,0.1,0.2,0.286,0.486
Kyle,Blanks,SD,1B,5,10,1,2,0,0,0,0,0,0,0,3,0,0,0,0.2,0.2,0.2,0.4
Adam,Moore,SD,C,9,10,1,2,1,0,0,1,0,0,2,5,0,0,0,0.2,0.3,0.333,0.633
Ronny,Cedeno,PHI,SS,7,9,0,0,0,0,0,0,0,0,0,2,0,0,0,0,0,0,0
Clint,Robinson,LAD,1B,9,9,3,3,0,0,0,2,0,0,1,1,0,0,0,0.333,0.333,0.4,0.733
Chris,Gimenez,CLE,C,8,9,0,0,0,0,0,0,0,0,1,3,0,0,0,0,0,0.1,0.1
Carlos,Peguero,KC,OF,4,9,1,2,1,0,0,1,0,0,1,5,0,0,0,0.222,0.333,0.3,0.633
Jason,Rogers,MIL,3B,8,9,0,1,1,0,0,0,0,0,1,1,0,0,0,0.111,0.222,0.2,0.422
Steven,Moya,DET,OF,11,8,2,3,0,0,0,0,0,0,0,2,0,0,0,0.375,0.375,0.375,0.75
Alex,Hassan,BOS,OF,3,8,1,1,0,0,0,0,0,0,1,5,0,0,0,0.125,0.125,0.222,0.347
Jayson,Nix,KC,3B,7,8,0,0,0,0,0,1,0,0,0,6,0,1,0,0,0,0,0
Roger,Bernadina,LAD,OF,9,7,2,2,0,0,1,4,0,0,0,3,0,0,2,0.286,0.714,0.444,1.158
Mike,Baxter,LAD,OF,4,7,0,0,0,0,0,0,0,0,1,2,0,0,0,0,0,0.125,0.125
Doug,Bernier,MIN,2B,7,7,2,2,0,0,0,0,0,0,1,2,0,0,1,0.286,0.286,0.444,0.73
Gary,Brown,SF,OF,7,7,1,3,0,0,0,1,0,0,0,0,0,0,0,0.429,0.429,0.429,0.858
Carlos,Rivero,BOS,3B,4,7,1,4,2,0,1,3,0,0,1,0,0,0,0,0.571,1.286,0.625,1.911
Jorge,Polanco,MIN,SS,5,6,2,2,1,1,0,3,0,0,2,2,0,0,0,0.333,0.833,0.5,1.333
Ali,Solis,TB,C,8,6,0,0,0,0,0,1,0,0,0,4,1,0,0,0,0,0,0
Billy,Burns,OAK,OF,13,6,4,1,0,0,0,0,3,1,0,0,0,0,0,0.167,0.167,0.167,0.334
Joey,Butler,STL,OF,6,5,0,0,0,0,0,0,0,0,1,3,0,0,0,0,0,0.167,0.167
Hernan,Perez,DET,SS,8,5,1,1,0,0,0,0,0,0,1,1,0,0,0,0.2,0.2,0.333,0.533
John,Buck,LAA,C,5,5,0,1,0,0,0,0,0,0,0,2,0,0,0,0.2,0.2,0.2,0.4
George,Kottaras,STL,C,4,5,0,1,0,0,0,1,0,0,1,2,0,0,0,0.2,0.2,0.333,0.533
Aaron,Altherr,PHI,OF,2,5,0,0,0,0,0,0,0,0,0,2,0,0,0,0,0,0,0
Jaff,Decker,PIT,OF,5,5,0,0,0,0,0,0,0,0,0,3,0,0,0,0,0,0,0
Brett,Jackson,ARI,OF,7,4,0,0,0,0,0,0,0,0,1,1,0,0,0,0,0,0.2,0.2
George,Kottaras,TOR,C,4,4,0,0,0,0,0,0,0,0,1,3,0,0,0,0,0,0.2,0.2
Bobby,Wilson,ARI,C,2,4,0,1,0,0,0,0,0,0,0,0,0,0,0,0.25,0.25,0.25,0.5
Jason,Pridie,COL,OF,2,4,1,0,0,0,0,0,0,0,0,2,0,0,0,0,0,0,0
Alexi,Casilla,BAL,2B,1,4,0,0,0,0,0,0,0,0,0,1,0,0,0,0,0,0,0
Tony,Abreu,SF,2B,3,4,0,0,0,0,0,0,0,0,0,0,0,0,0,0,0,0,0
Cole,Gillespie,TOR,OF,1,3,0,0,0,0,0,0,0,0,0,0,0,0,0,0,0,0,0
Guillermo,Quiroz,SF,C,2,3,0,0,0,0,0,0,0,0,0,0,0,0,0,0,0,0,0
Cord,Phelps,BAL,2B,3,3,0,0,0,0,0,0,0,0,0,0,0,0,0,0,0,0,0
Lane,Adams,KC,OF,6,3,1,0,0,0,0,0,0,0,0,2,0,0,0,0,0,0,0
Wilfredo,Tovar,NYM,SS,2,3,0,0,0,0,0,0,0,0,0,0,0,0,0,0,0,0,0
Matt,Hague,PIT,1B,3,2,0,0,0,0,0,0,0,0,0,1,0,0,0,0,0,0,0
Tommy,Pham,STL,OF,6,2,0,0,0,0,0,0,0,0,0,2,0,0,0,0,0,0,0
Humberto,Quintero,SEA,C,3,2,0,0,0,0,0,1,0,0,0,1,0,0,0,0,0,0,0
Quintin,Berry,BAL,OF,10,2,3,0,0,0,0,0,1,0,0,1,0,0,0,0,0,0,0
Terrance,Gore,KC,OF,11,1,5,0,0,0,0,0,5,0,0,0,0,0,1,0,0,0.5,0.5